[
  {
    "id": "my-awesome-game",
    "name": "My Awesome Game",
    "icon_url": "https://via.placeholder.com/128?text=Game+1",
    "description": "Приключенческая игра с головоломками и увлекательным сюжетом.",
    "versions": [
      {
        "version": "1.2.0",
        "date": "2025-10-08",
        "title": "Большое обновление!",
        "changes": [
          "Добавлены новые уровни",
          "Исправлены ошибки с управлением",
          "Улучшено освещение сцен"
        ]
      },
      {
        "version": "1.1.0",
        "date": "2025-09-20",
        "title": "Оптимизация",
        "changes": [
          "Снижено время загрузки",
          "Исправлены баги в меню"
        ]
      }
    ]
  },
  {
    "id": "space-battle",
    "name": "Space Battle",
    "icon_url": "https://via.placeholder.com/128?text=Game+2",
    "description": "Космический шутер с апгрейдами и боссами.",
    "versions": [
      {
        "version": "0.9.0",
        "date": "2025-10-01",
        "title": "Первый публичный релиз",
        "changes": [
          "Добавлен режим кампании",
          "Добавлены 3 босса",
          "Добавлено меню настроек"
        ]
      }
    ]
  }
]